Fund Name,P1,P2,P3,P4,P5,Topsis Score,Rank
M1,0.76,0.58,4.2,52.1,14.41,0.6175205744172683,3
M2,0.86,0.74,4.3,63.0,17.23,0.8461991247773059,1
M3,0.73,0.53,4.5,40.4,11.54,0.3570606435479574,8
M4,0.72,0.52,6.4,57.0,16.16,0.5386624926596291,4
M5,0.79,0.62,3.1,55.2,14.93,0.7448184427003106,2
M6,0.88,0.77,3.4,33.6,9.66,0.44759942909516187,5
M7,0.63,0.4,3.3,42.0,11.58,0.4085440414562245,6
M8,0.6,0.36,3.9,44.8,12.42,0.3994579220589535,7
